,name,height,weight,bmi
0,jacek,1.2,12,8.333333333333334
1,placek,1.3,32,18.934911242603548
2,wacek,0.21,4,90.702947845805
